{
  "split": "70_30",
  "aug": "bg_noise",
  "epoch_best": 10,
  "acc": 0.7482142857142857,
  "f1_weighted": 0.7518175555640831,
  "f1_macro": 0.7482559844603153,
  "miou": 0.6192356138580352,
  "iou_per_class": [
    0.8933333333214222,
    0.42592592591803846,
    0.6341463414556812,
    0.886363636353564,
    0.6260869565162949,
    0.4137931034435196,
    0.454999999997725
  ]
}