{
  "split": "80_20",
  "aug": "none",
  "epoch_best": 7,
  "acc": 0.9793388429752066,
  "f1_weighted": 0.9794601314489672,
  "f1_macro": 0.9821143364693902,
  "miou": 0.9652084880477071,
  "iou_per_class": [
    0.9791666666462674,
    0.970588235265571,
    0.9999999999807693,
    0.9900990098911872,
    0.9299999999906999,
    0.9599999999808001,
    0.926605504578655
  ]
}