{
  "split": "90_10",
  "aug": "none",
  "epoch_best": 10,
  "acc": 0.9144385026737968,
  "f1_weighted": 0.913858067012759,
  "f1_macro": 0.9212136457728887,
  "miou": 0.8600750882781013,
  "iou_per_class": [
    0.9199999999632,
    0.9444444443919753,
    0.9999999999615384,
    0.9333333333022222,
    0.7647058823304499,
    0.7307692307411242,
    0.7272727272561984
  ]
}