{
  "split": "80_20",
  "aug": "gain",
  "epoch_best": 7,
  "acc": 0.981404958677686,
  "f1_weighted": 0.9814773315018986,
  "f1_macro": 0.9828094070585206,
  "miou": 0.966516520814201,
  "iou_per_class": [
    0.9791666666462674,
    0.9411764705605538,
    0.9999999999807693,
    0.9900990098911872,
    0.9405940593966278,
    0.9799999999804001,
    0.934579439243602
  ]
}