{
  "split": "80_20",
  "aug": "none",
  "epoch_best": 10,
  "acc": 0.9302949061662198,
  "f1_weighted": 0.9299774600883286,
  "f1_macro": 0.9351050861618784,
  "miou": 0.8806954613749987,
  "iou_per_class": [
    0.9215686274329105,
    0.9428571428302042,
    0.9454545454373554,
    0.9482758620526159,
    0.7857142857030612,
    0.8235294117485583,
    0.7974683544202852
  ]
}