{
  "split": "90_10",
  "aug": "gain",
  "epoch_best": 9,
  "acc": 0.9358288770053476,
  "f1_weighted": 0.9354788691465926,
  "f1_macro": 0.939901332798063,
  "miou": 0.8895342568951384,
  "iou_per_class": [
    0.9599999999616,
    0.8947368420581717,
    0.9999999999615384,
    0.9333333333022222,
    0.8181818181570248,
    0.8399999999664,
    0.7804878048590126
  ]
}