{
  "split": "90_10",
  "aug": "bg_noise",
  "epoch_best": 10,
  "acc": 0.7433155080213903,
  "f1_weighted": 0.7493138493758329,
  "f1_macro": 0.7595423203496348,
  "miou": 0.6296193625335414,
  "iou_per_class": [
    0.8214285713992346,
    0.6666666666296296,
    0.6153846153609468,
    0.89999999997,
    0.5526315789328256,
    0.4444444444320988,
    0.4067796610100546
  ]
}