{
  "split": "80_20",
  "aug": "gain",
  "epoch_best": 9,
  "acc": 0.9302949061662198,
  "f1_weighted": 0.9306754732650774,
  "f1_macro": 0.9361105486297107,
  "miou": 0.8826180567586601,
  "iou_per_class": [
    0.9038461538287722,
    0.9411764705605538,
    0.9807692307503699,
    0.9322033898147085,
    0.7910447761075963,
    0.846153846137574,
    0.7831325301110466
  ]
}