{
  "split": "70_30",
  "aug": "none",
  "epoch_best": 10,
  "acc": 0.9303571428571429,
  "f1_weighted": 0.9307111378495367,
  "f1_macro": 0.9327935328628566,
  "miou": 0.876409657114089,
  "iou_per_class": [
    0.932432432419832,
    0.8545454545299174,
    0.9746835442914596,
    0.9418604651053272,
    0.8285714285635374,
    0.8076923076819527,
    0.7950819672065976
  ]
}