{
  "split": "80_20",
  "aug": "bg_noise",
  "epoch_best": 10,
  "acc": 0.7506702412868632,
  "f1_weighted": 0.7617740249016207,
  "f1_macro": 0.7628912715060657,
  "miou": 0.6289185361901481,
  "iou_per_class": [
    0.8627450980222992,
    0.5294117646903115,
    0.5769230769119823,
    0.807017543845491,
    0.6571428571334693,
    0.5256410256342866,
    0.44354838709319716
  ]
}