{
  "split": "70_30",
  "aug": "gain",
  "epoch_best": 10,
  "acc": 0.9375,
  "f1_weighted": 0.9373341571272641,
  "f1_macro": 0.9388229491091714,
  "miou": 0.8867726087004393,
  "iou_per_class": [
    0.9342105263034972,
    0.872727272711405,
    0.9629629629510745,
    0.9647058823415916,
    0.852941176462226,
    0.8024691357925621,
    0.8173913043407183
  ]
}