split,aug,acc,f1_weighted,f1_macro,miou
80_20,none,0.9793388429752066,0.9794601314489672,0.9821143364693902,0.9652084880477071
80_20,gain,0.981404958677686,0.9814773315018986,0.9828094070585206,0.966516520814201
